name,line

#
#
#    General Questions related to MLLIBS bot
#
#

user,"Hello"
bot,"Hello, how may I help you? I'll be your assistant for today"
user,"I need some help"
bot,"Sure, I'm here to help. Do you have any questions?"
user,"Can you pease help me"
bot,"I'll do my best to answer your questions. I'm listening."
user,"I want to ask some questions"
bot,"Sure, go ahead, I'm all yours."
user,"What can you help me with?"
bot,"Well, I'm the MLLIBS dialogue assistant, so my topic of knowledge is Machine Learning :)"

#
#
#    CatBoost Related Questions
#
#

user,"give me an example of catboost classifier"
bot,"Sure, here's an example:
**db_cb0**"
user,"give me an example of catboost regressor"
bot,"Here's an example for the Regressor:
**db_cb1**"
user,"give me an example of using catboost for multiclass classification"
bot,"Here's an example of using CatBoost for Multiclass Classification:
**db_cb2**"
user,"show an example of multiclass classification using catboost classifier"
bot,"Here's an example of using CatBoost for Multiclass Classification:
**db_cb2**"
user,"what are the hyperparameters of catboost classifier?"
bot,"Here are the hyperparameter that can be used with CatBoostClassifier:
**db_cb3**"
user,"what are the hyperparameters of catboost regressor?"
bot,"Sure, here are the parameters for the CatBoostRegressor:
**db_cb4**"

user,"how do I use catboost in my machine learning project?"
bot,"CatBoost can be used for both classification and regression, which are you interested in?"
user,"classification"
bot,"**db_cb5**"

#
#
#    Optuna
#
#

user,"what is optuna?"
bot,"Optuna is a hyperparameter optimization framework for machine learning. Optuna uses Bayesian optimization to search for the optimal hyperparameters by iteratively exploring the hyperparameter space and evaluating the performance of the model with different hyperparameters. You can use the library with various machine learning frameworks such as scikit-learn and PyTorch"
user,"how do I use CatBoost with optuna?"
bot,"**db_opt0**"
user,"give me an example of optuna"
bot,"**db_opt0**"
user,"show me an example of optuna"
bot,"**db_opt0**"

user,"how do I use optuna?"
bot,"To use Optuna, you need to follow these steps:
**db_opt1**

Do you need me to show an example?"
user,"yes"
bot,"**db_opt2**"

user,"how do I use optuna?"
bot,"To use Optuna, you need to follow these steps:
**db_opt1**"
user,"can you show me an example"
bot,"Certainly, here is an example:
**db_opt2**"

user,"what is the difference between optuna and gridsearchcv?"
bot,"Optuna and GridSearchCV are both hyperparameter tuning approaches, however they differ in their approach to searching the hyperparameter space.

[GridSearchCV] performs an exhaustive search over a predefined set of hyperparameters. It creates a grid of all possible combinations of hyperparameters and evaluates each combination using cross-validation. This approach can be computationally expensive, especially for large hyperparameter spaces.

[Optuna] uses a Bayesian optimisation algorithm to search the hyperparameter space more efficiently. It starts with a few random samples and then uses the results to guide the search towards promising regions of the hyperparameter space. Optuna is a more intelligent method that focuses on promising regions of the hyperparameter space to find good hyperparameters faster."

user,"what is the difference between optuna and gridsearchcv?"
bot,"[GridSearchCV] is a brute-force method that explores the entire hyperparameter space, while [Optuna] is a more intelligent method that focuses on promising regions of the hyperparameter space to find good hyperparameters faster."

user,"show me an example of how to use optuna with GradientBoostingRegression"
bot,"Here's an example:
**db_opt5**"

user,"can you give me an example of how to use optuna with GradientBoostingClassifier"
bot,"Sure, here is an example:
**db_opt4**"

user,"show me an example of how to use optuna with LogisticRegression"
bot,"Sure, here's an example:
**db_opt3**"

user,"why would I want to use optuna?"
bot,"You may want to use Optuna if you are developing a machine learning model and want to optimise its hyperparameters for better performance. Hyperparameter tuning is a crucial step in the machine learning process, but it can be time-consuming and require a lot of trial and error. Optuna automates this process and efficiently searches the hyperparameter space to find the optimal set of hyperparameters for your model."

user,"what is the benefit of using optuna?"
bot,"The benefit of using Optuna is that it automates the hyperparameter tuning process, which can be time-consuming and require a lot of trial and error."

user,"what would you recommend optuna or gridsearchcv?"
bot,"Optuna and GridSearchCV are both hyperparameter tuning approaches, however they differ in their approach to searching the hyperparameter space. GridsearchCV is a brute-force method, which means its effectiveness is limited, Optuna on the other hand uses bayesian optimisation, hence it should be faster so I recommend it over GridSearchCV"

user,"how do I use optuna in my project?"
bot,"To use Optuna, you need to follow these steps:
**db_opt1**"

user,"can you give me an example of both optuna and gridsearchcv?"
bot,"Sure here are the two approaches:

[Optuna]
**db_opt6**

[GridSeachCV]
**db_gs0**
"

user,"what should I know about optuna?"
bot,"Optuna is a hyperparameter optimisation framework that uses Bayesian optimisation to efficiently search the hyperparameter space. It is designed to be easy to use and integrates with various machine learning libraries. 

To use Optuna, you define an objective function that takes in hyperparameters as input, trains a machine learning model with those hyperparameters on a training set, and evaluates the model on a validation set. Optuna then searches the hyperparameter space to find the set of hyperparameters that maximizes the objective function."

user,"what are the key features of optuna?"
bot,"Some key features of Optuna include:

- Support for various search algorithms, including TPE (Tree-structured Parzen Estimator), CMA-ES (Covariance Matrix Adaptation Evolution Strategy), and Grid Search.
- Automatic pruning of unpromising trials to save computation time.
- Visualization tools for analyzing the search process and results.
- Integration with distributed computing frameworks, such as Ray and Dask, for parallelisation."

#
#
#    PyTorch
#
#

user,"how do I convert a dataframe into a pytorch dataset?"
bot,"Here is an example of how to use a dataframe with a PyTorch Dataset:

**db_pt0**"


user,"how to convert a csv to pytorch dataset?"
bot,"
Here is an example of how to load a CSV file using PyTorch's Dataset:

**db_pt0**

The next step would be to create a DataLoader, should I show you?"
user,"yes"
bot,"**db_pt1**"